age;id;grade;email;name
NaN;263033;2;NaN;Giavanna Rivers
NaN;983087;3;NaN;Bear Hancock
NaN;377667;4;NaN;Katelyn Dougherty
NaN;937732;2;NaN;Brett Krueger
NaN;907671;4;NaN;Kamari Russell
NaN;127689;2;NaN;Weston Mayo
NaN;459836;3;NaN;Aarya Pearson
NaN;572896;2;NaN;Gunner Young
NaN;490530;4;NaN;Zoey Brown
NaN;384503;1;NaN;Elijah Rocha
NaN;787877;1;NaN;Emmie Richardson
NaN;130668;1;NaN;Robert Fitzpatrick
NaN;679221;4;NaN;Annabella Ford
NaN;72126;1;NaN;Luis York
NaN;88704;1;NaN;Milan Duncan
NaN;948861;4;NaN;Avery Shaw
NaN;881763;3;NaN;Emersyn Yates
NaN;715658;5;NaN;Braylon Branch
NaN;546558;3;NaN;Luisa Benton
NaN;139627;1;NaN;Jamal Boone
NaN;827224;2;NaN;Mariam Guevara
NaN;926402;5;NaN;Tommy West
NaN;707478;5;NaN;Remi Velez
NaN;886098;3;NaN;Kareem Short
NaN;618424;3;NaN;Cheyenne Harris
NaN;394528;5;NaN;Samuel O?Connor
NaN;69762;4;NaN;Charli Matthews
NaN;471683;3;NaN;Preston Khan
NaN;480273;2;NaN;Mabel Poole
NaN;346910;5;NaN;Quincy O?Connor
NaN;802621;5;NaN;Charli Fletcher
NaN;213404;1;NaN;Jay Schaefer
NaN;14203;4;NaN;Mavis Harrison
NaN;239476;4;NaN;Gavin Cunningham
NaN;158893;2;NaN;Marley Bates
NaN;588961;3;NaN;Ellis Shields
NaN;460670;5;NaN;Analia Wiley
NaN;933108;5;NaN;Mathew Harrington
NaN;251624;1;NaN;Legacy Walter
NaN;30927;3;NaN;Lochlan Tate
NaN;292230;1;NaN;Skye Lu
NaN;829752;3;NaN;Duncan White
NaN;758064;1;NaN;Layla Sosa
NaN;231587;4;NaN;Emir Leonard
NaN;459248;3;NaN;Demi Peralta
NaN;11068;1;NaN;Dangelo Todd
NaN;382934;3;NaN;Zariah Acevedo
NaN;504797;1;NaN;Dakari Dyer
NaN;693076;4;NaN;Estrella Dougherty
NaN;277031;3;NaN;Brett Wu
NaN;396792;5;NaN;Liana Reynolds
NaN;314358;3;NaN;Vincent Lane
NaN;63613;3;NaN;Amy Castro
NaN;682537;3;NaN;Jasper Contreras
NaN;370460;3;NaN;Daniela Ware
NaN;328154;5;NaN;Tadeo Gilmore
NaN;648625;1;NaN;Chanel Lin
NaN;550609;3;NaN;Conor Compton
NaN;176393;3;NaN;Elina Reilly
NaN;611541;3;NaN;Alvaro Silva
NaN;269492;5;NaN;Lucia Wise
NaN;23699;4;NaN;Frederick Bishop
NaN;15640;4;NaN;Brooklynn Johnson
NaN;658180;5;NaN;Noah Goodman
NaN;754065;4;NaN;Carolina Marks
NaN;249502;4;NaN;Amos Hughes
NaN;255876;5;NaN;Samantha Griffith
NaN;846495;5;NaN;Franklin Jensen
NaN;881453;3;NaN;Jane Jordan
NaN;964260;3;NaN;Sawyer Gibson
NaN;95832;1;NaN;Eden Harvey
NaN;969155;2;NaN;Cayden Rivers
NaN;644194;4;NaN;Kiana Le
NaN;786912;4;NaN;Damien Ventura
NaN;975750;1;NaN;Zora Richmond
NaN;630750;2;NaN;Mordechai Strong
NaN;290336;4;NaN;Margo Norton
NaN;918428;1;NaN;Callen Murphy
NaN;117327;5;NaN;Bella Arellano
NaN;676764;1;NaN;Kellan Barry
NaN;546619;3;NaN;Waverly Donaldson
NaN;721683;3;NaN;Canaan Conway
NaN;950064;4;NaN;Ryann McClure
NaN;965753;5;NaN;Reese Dodson
NaN;814151;3;NaN;Etta Lucero
NaN;200597;5;NaN;Felipe Grimes
NaN;944038;2;NaN;Braelyn Meadows
NaN;348795;2;NaN;Wayne Delgado
NaN;465765;2;NaN;Alani Doyle
NaN;92402;1;NaN;Kashton Henderson
NaN;243225;2;NaN;Maria Harrell
NaN;887157;3;NaN;Nelson Durham
NaN;415059;2;NaN;Tiffany Herman
NaN;452471;3;NaN;Juelz Stephens
NaN;904578;2;NaN;Millie Evans
NaN;44221;5;NaN;Elias Byrd
NaN;515882;3;NaN;Giselle Quintana
NaN;303956;4;NaN;Kelvin Macias
NaN;189705;5;NaN;Adley McLean
NaN;764772;2;NaN;Crosby Flynn
47;31094;NaN;NaN;Iyla Kelley
58;80405;NaN;NaN;Eric Oliver
38;44321;NaN;NaN;Camille Schmitt
31;33446;NaN;NaN;Murphy Bailey
41;93958;NaN;NaN;Kennedy Lawrence
37;15884;NaN;NaN;Kaleb Wilkerson
36;47907;NaN;NaN;Janiyah Moyer
25;39550;NaN;NaN;Ahmir Waters
60;99826;NaN;NaN;Bristol Vaughan
38;51758;NaN;NaN;Castiel Benitez
55;26905;NaN;NaN;Aliza Wade
20;45235;NaN;NaN;Jake Good
39;372;NaN;NaN;Nathalia Perry
34;54772;NaN;NaN;Waylon Copeland
27;68035;NaN;NaN;Dayana Williamson
47;63019;NaN;NaN;Emerson Woodward
39;93435;NaN;NaN;Drew Vaughan
29;76642;NaN;NaN;Castiel Carter
39;86344;NaN;NaN;Lucy Parker
18;69426;NaN;NaN;Caleb Jenkins
48;68097;NaN;NaN;Rylee O?Donnell
44;1230;NaN;NaN;Lian Rice
34;24011;NaN;NaN;Ada Hurley
21;39576;NaN;NaN;Van Dennis
34;99597;NaN;NaN;Maisie Pugh
60;68590;NaN;NaN;Judson Navarro
56;25741;NaN;NaN;Winter Walton
57;73459;NaN;NaN;Dominick Hoover
47;15570;NaN;NaN;Virginia Lopez
48;12730;NaN;NaN;Michael Patterson
32;26529;NaN;NaN;Kaylee Dodson
44;94467;NaN;NaN;Seven Schaefer
23;94512;NaN;NaN;Mavis Gibson
48;92388;NaN;NaN;Tyler Lim
34;28218;NaN;NaN;Giavanna Wilkerson
57;60893;NaN;NaN;Carmelo Molina
34;28311;NaN;NaN;Alexandria Long
51;67507;NaN;NaN;Jace Sheppard
26;92646;NaN;NaN;Veda James
38;88051;NaN;NaN;Jaxson McKee
20;62609;NaN;NaN;Kori Cummings
46;27650;NaN;NaN;Raiden Vega
21;13641;NaN;NaN;Dakota Hobbs
28;11494;NaN;NaN;Brendan Decker
54;18607;NaN;NaN;Aleena Wyatt
22;89862;NaN;NaN;Sam Doyle
45;59912;NaN;NaN;Annalise Sawyer
28;14833;NaN;NaN;Jefferson Morales
27;44680;NaN;NaN;Skylar Brown
27;79919;NaN;NaN;Elijah Garcia
40;85621;NaN;NaN;Amelia Bennett
30;23375;NaN;NaN;Leonardo Portillo
26;88598;NaN;NaN;Nathalie Madden
49;57646;NaN;NaN;Everest Barr
49;55225;NaN;NaN;Noemi Robertson
26;84705;NaN;NaN;Emiliano McDaniel
20;2869;NaN;NaN;Dahlia Potts
18;70060;NaN;NaN;Alfred Owen
49;64897;NaN;NaN;Mikayla Richards
54;66297;NaN;NaN;Holden Saunders
27;84466;NaN;NaN;Meadow Moyer
29;55423;NaN;NaN;Ahmir Bernal
48;60032;NaN;NaN;Emmeline Stein
44;79859;NaN;NaN;Creed Holt
58;3467;NaN;NaN;Adelynn Wong
49;78343;NaN;NaN;Walter Kaur
43;95659;NaN;NaN;Holland Yates
26;56014;NaN;NaN;Braylon Miranda
51;87756;NaN;NaN;Amina Blair
52;17694;NaN;NaN;Troy Patrick
32;18175;NaN;NaN;Lyra Morrow
40;39397;NaN;NaN;Kyree Booth
19;92298;NaN;NaN;Zariyah Kelly
53;16199;NaN;NaN;Cooper Howe
46;40536;NaN;NaN;Persephone Robbins
35;55467;NaN;NaN;Finnegan Rivers
29;85063;NaN;NaN;Kiana Simpson
44;33703;NaN;NaN;Elliott Dunn
22;48303;NaN;NaN;Olive Hail
21;24414;NaN;NaN;Hector Strickland
38;30612;NaN;NaN;Nia Ballard
27;82558;NaN;NaN;Kenzo Barr
58;4933;NaN;NaN;Noemi Castillo
47;34537;NaN;NaN;Kai Greene
18;83440;NaN;NaN;Selena Castaneda
22;85011;NaN;NaN;Collin Michael
30;97826;NaN;NaN;Aubriella Howell
22;3008;NaN;NaN;Bradley Hudson
60;43638;NaN;NaN;Kamila Robertson
47;21456;NaN;NaN;Emiliano Burnett
40;60586;NaN;NaN;Emberly Roach
45;96859;NaN;NaN;Caspian Gardner
30;64457;NaN;NaN;Jordyn McDaniel
58;7101;NaN;NaN;Major Colon
41;34757;NaN;NaN;Remy Walls
46;46155;NaN;NaN;Larry Stokes
23;5166;NaN;NaN;Miranda Kent
37;97371;NaN;NaN;Mekhi Wise
58;48217;NaN;NaN;Mira Anderson
45;77693;NaN;NaN;Jacob Fields
59;13872;NaN;NaN;Annie Dawson
30;10905;NaN;NaN;Iker Goodwin
20;51193;NaN;NaN;Shiloh Campbell
48;32031;NaN;NaN;Christopher Eaton
40;11233;NaN;NaN;Miley Miles
34;16225;NaN;NaN;Jared Odom
21;59746;NaN;NaN;Laylani Arnold
24;16978;NaN;NaN;Abraham Snyder
60;76184;NaN;NaN;Callie David
56;82119;NaN;NaN;Alonso Kelly
46;88152;NaN;NaN;Ruby Kaur
25;79472;NaN;NaN;Augustine Garza
49;16546;NaN;NaN;River Luna
37;71917;NaN;NaN;Erick Faulkner
33;21982;NaN;NaN;Ansley Trujillo
33;62906;NaN;NaN;Apollo Bell
23;56283;NaN;NaN;Melody Stevens
55;72789;NaN;NaN;Zachary Palacios
26;77359;NaN;NaN;Bria Zuniga
26;78150;NaN;NaN;Sincere Pacheco
50;27073;NaN;NaN;Paris Patterson
41;23943;NaN;NaN;Amir Suarez
30;29397;NaN;NaN;Jimena Hurst
53;15097;NaN;NaN;Neil Garza
42;25273;NaN;NaN;River Person
25;5064;NaN;NaN;Moses Klein
21;25972;NaN;NaN;Elianna Rosas
38;9835;NaN;NaN;Remi Carrillo
39;49143;NaN;NaN;Kaylani Reed
38;56627;NaN;NaN;Easton McClain
57;14381;NaN;NaN;Marleigh McKenzie
22;84587;NaN;NaN;Scott Prince
59;96681;NaN;NaN;Greta Lane
50;90386;NaN;NaN;Matias Johnston
46;87048;NaN;NaN;Laila Hendricks
58;98805;NaN;NaN;Dash Church
30;26957;NaN;NaN;Ayleen Valencia
47;93395;NaN;NaN;Dax Francis
47;6567;NaN;NaN;Daniella Nelson
43;74502;NaN;NaN;Dylan Snow
33;63548;NaN;NaN;Alexia Sampson
41;49594;NaN;NaN;Cain Marshall
32;1405;NaN;NaN;Adalyn Paul
38;41107;NaN;NaN;Noel Henry
44;20350;NaN;NaN;Summer Cunningham
50;14174;NaN;NaN;Alejandro Christensen
56;16208;NaN;NaN;Carmen Chen
49;24624;NaN;NaN;Emmanuel Luna
49;48784;NaN;NaN;Journey Berger
27;38042;NaN;NaN;Byron Park
43;2621;NaN;NaN;Lia Park
30;12362;NaN;NaN;Daxton Vance
30;23459;NaN;NaN;Maxine Gould
33;31439;NaN;NaN;Blaine Vaughan
57;54366;NaN;NaN;Nancy Burns
43;35169;NaN;NaN;August Woods
58;70760;NaN;NaN;Reese Boyd
45;77130;NaN;NaN;Dean Galindo
33;46740;NaN;NaN;Corinne Farley
46;89119;NaN;NaN;Graysen Harvey
19;68701;NaN;NaN;Nicole Owen
54;67029;NaN;NaN;Cannon Montoya
44;81185;NaN;NaN;Kamryn Santos
54;19566;NaN;NaN;Walker Anderson
56;23378;NaN;NaN;Ella Phan
27;70051;NaN;NaN;Maison Velez
19;40144;NaN;NaN;Megan O?Neill
55;4271;NaN;NaN;Marcel Curry
37;76915;NaN;NaN;Alison Cortes
59;26252;NaN;NaN;Banks Giles
22;899;NaN;NaN;Bailee Hunt
44;7346;NaN;NaN;Jesus Washington
33;6718;NaN;NaN;Valerie Bean
33;2345;NaN;NaN;Mccoy Atkinson
22;69597;NaN;NaN;Jazmin Carroll
36;89771;NaN;NaN;Oscar Ross
37;60226;NaN;NaN;Peyton Wilkinson
41;16279;NaN;NaN;Leonard Vasquez
51;71662;NaN;NaN;Rose Lim
33;71913;NaN;NaN;Cal Shields
43;23113;NaN;NaN;Analia Cruz
33;31765;NaN;NaN;Ryan Gould
27;80382;NaN;NaN;Violeta Schmidt
58;76081;NaN;NaN;Zayden Trevino
45;14451;NaN;NaN;Priscilla Castaneda
43;2037;NaN;NaN;Collin Maxwell
22;70542;NaN;NaN;Kyla Chavez
57;56713;NaN;NaN;Ian Gaines
29;19075;NaN;NaN;Aya Stout
51;94636;NaN;NaN;Callahan Barnes
32;12420;NaN;NaN;Liliana Espinosa
53;8955;NaN;NaN;Khalid Wallace
35;85824;NaN;NaN;Arianna Rios
49;43085;NaN;NaN;Israel Weber
56;74028;NaN;NaN;Alayah Rivas
58;91661;NaN;NaN;Damon Lin
41;38750;NaN;NaN;Makenna Flores
57;5819;NaN;NaN;Lincoln Golden
42;15263;NaN;NaN;Giuliana Caldwell
18;51169;NaN;NaN;Rylan Gutierrez
20;3679;NaN;NaN;Savannah Rush
45;39363;NaN;NaN;Kaiser Newman
19;3846;NaN;NaN;Oaklynn Sherman
30;43562;NaN;NaN;Adan Potts
21;48325;NaN;NaN;Ellison Hurley
56;20181;NaN;NaN;Van Dalton
23;1781;NaN;NaN;Lilian Alvarado
36;97232;NaN;NaN;Andres Spencer
27;52676;NaN;NaN;Alyssa Cortez
32;93510;NaN;NaN;Zayn Mayo
59;87714;NaN;NaN;Aarya Morris
35;75560;NaN;NaN;Christian Schroeder
36;90002;NaN;NaN;Cameron Carey
58;77216;NaN;NaN;Watson Reyes
58;5926;NaN;NaN;Audrey McGuire
35;48990;NaN;NaN;Casey Ahmed
21;15090;NaN;NaN;Jolie Bonilla
47;46845;NaN;NaN;Aden Ballard
58;83884;NaN;NaN;Alejandra Steele
55;27927;NaN;NaN;Elian Saunders
26;69897;NaN;NaN;Meadow Leonard
52;48081;NaN;NaN;Ricardo Chang
45;92554;NaN;NaN;Ophelia Wheeler
58;30858;NaN;NaN;Kenneth Welch
48;23186;NaN;NaN;Amira Best
56;37093;NaN;NaN;Harlem Luna
18;89294;NaN;NaN;Journey Blackburn
57;24684;NaN;NaN;Zahir Jacobs
18;28737;NaN;NaN;Camilla Liu
25;24348;NaN;NaN;Pedro Roberson
56;56905;NaN;NaN;Sasha Orr
33;77928;NaN;NaN;Benicio Weiss
22;21870;NaN;NaN;Lennox Krueger
31;11598;NaN;NaN;Jones Carr
59;23485;NaN;NaN;Rowan Singleton
25;36384;NaN;NaN;Landyn Blevins
44;63400;NaN;NaN;Aila Potts
44;573;NaN;NaN;Alfred Arias
57;9835;NaN;NaN;Aleah Boyer
42;76948;NaN;NaN;Zeke Conrad
26;71862;NaN;NaN;Bexley Wise
29;98946;NaN;NaN;Frederick Roberts
19;44780;NaN;NaN;Paisley Calderon
35;8390;NaN;NaN;Oakley Burke
48;10411;NaN;NaN;Vera Skinner
42;85818;NaN;NaN;Ridge Vang
21;76647;NaN;NaN;Madisyn Lynn
56;81760;NaN;NaN;Zechariah Cook
21;87497;NaN;NaN;Aaliyah Kennedy
51;50867;NaN;NaN;Maxwell Greene
34;51286;NaN;NaN;Selena Ramsey
29;53533;NaN;NaN;Luciano Armstrong
41;92940;NaN;NaN;Presley Quintana
43;1957;NaN;NaN;Kelvin Hoffman
58;46169;NaN;NaN;Aspen Beard
32;39029;NaN;NaN;Nathanael Landry
31;63217;NaN;NaN;Brynleigh Barry
31;75570;NaN;NaN;Emery Gomez
53;91313;NaN;NaN;Natalie Rush
47;46492;NaN;NaN;Kaiser Church
37;92375;NaN;NaN;Ayleen McCoy
56;23372;NaN;NaN;Jett Randolph
41;25342;NaN;NaN;Kailey Petersen
40;10505;NaN;NaN;Samson Patel
25;25575;NaN;NaN;Madeline Lloyd
45;74435;NaN;NaN;Zaire Erickson
28;51305;NaN;NaN;Sabrina Chung
39;35698;NaN;NaN;Ira Barnett
49;79356;NaN;NaN;Harlow Holt
19;61885;NaN;NaN;Niko Powers
56;6062;NaN;NaN;Michelle Golden
40;78272;NaN;NaN;Amias Baldwin
25;88656;NaN;NaN;Esmeralda Sandoval
28;26426;NaN;NaN;Brantley Escobar
52;48114;NaN;NaN;Erin Petersen
60;83045;NaN;NaN;Samson Kelley
51;51381;NaN;NaN;Rosalie Hanna
36;64422;NaN;NaN;Aydin Bruce
37;55957;NaN;NaN;Marilyn Gentry
53;51156;NaN;NaN;Magnus Nava
23;57334;NaN;NaN;Scout Dillon
39;13790;NaN;NaN;Alvin Contreras
57;11810;NaN;NaN;Daniela Miranda
26;33683;NaN;NaN;Rory Short
31;27511;NaN;NaN;Cheyenne Villanueva
60;66863;NaN;NaN;Huxley Bradshaw
42;82968;NaN;NaN;Berkley Valencia
20;80493;NaN;NaN;Dax Cameron
51;28278;NaN;NaN;Julie Willis
52;74831;NaN;NaN;Remington Hill
42;44640;NaN;NaN;Hannah Williamson
53;8578;NaN;NaN;Emerson Garrett
22;57222;NaN;NaN;Tessa Wolfe
19;24351;NaN;NaN;Donovan Dunlap
49;848;NaN;NaN;Iliana Erickson
48;31288;NaN;NaN;Johnny Roberson
28;75396;NaN;NaN;Sasha Nelson
34;69548;NaN;NaN;Dylan Dean
30;2009;NaN;NaN;Julianna Petersen
46;66885;NaN;NaN;Samson Duran
30;17006;NaN;NaN;Willa Cardenas
46;53507;NaN;NaN;Johnathan Heath
44;56978;NaN;NaN;Amani Soto
57;71949;NaN;NaN;Barrett Sawyer
40;54002;NaN;NaN;Marina Pennington
52;73015;NaN;NaN;Bobby Goodwin
19;29752;NaN;NaN;Shiloh Moses
20;23945;NaN;NaN;Niklaus Little
20;62001;NaN;NaN;Harley Baker
40;59472;NaN;NaN;Ezra Novak
32;52355;NaN;NaN;Kaiya Bradley
19;73437;NaN;NaN;Richard Glenn
60;85056;NaN;NaN;Blaire Alvarado
59;79973;NaN;NaN;Andres Pierce
26;34427;NaN;NaN;Arabella Villa
34;35203;NaN;NaN;Clay Bullock
26;62204;NaN;NaN;Winnie Olson
58;25243;NaN;NaN;Malachi Shah
55;85009;NaN;NaN;Angelica Vaughn
47;7993;NaN;NaN;Remy Jefferson
60;41849;NaN;NaN;Julieta Quintero
35;20222;NaN;NaN;Thatcher Boyer
54;67084;NaN;NaN;Chaya Padilla
35;54537;NaN;NaN;Jaden Cortes
37;25682;NaN;NaN;Lea Hendrix
41;34024;NaN;NaN;Korbyn Lawrence
46;25193;NaN;NaN;Lauren Calderon
46;11239;NaN;NaN;Oakley Pittman
45;87775;NaN;NaN;Marie Roth
51;53087;NaN;NaN;Roy Campos
37;10101;NaN;NaN;Sutton Potts
34;24617;NaN;NaN;Alfred Reilly
53;29436;NaN;NaN;Tori Suarez
49;85213;NaN;NaN;Soren McCarthy
26;61570;NaN;NaN;Kira Pena
57;40823;NaN;NaN;Marcus Schneider
37;80579;NaN;NaN;Delaney Zhang
46;80956;NaN;NaN;Isaias Lu
30;33286;NaN;NaN;Emani Andersen
30;44118;NaN;NaN;Alistair Combs
19;38276;NaN;NaN;Irene Morton
18;40506;NaN;NaN;Roland Wilkinson
54;77105;NaN;NaN;Siena Chung
19;5489;NaN;NaN;Ira Ingram
23;66579;NaN;NaN;Katie Faulkner
58;31103;NaN;NaN;Jabari Paul
26;21382;NaN;NaN;Daphne Montoya
58;50196;NaN;NaN;Ford Erickson
58;31571;NaN;NaN;Sabrina Patterson
26;61501;NaN;NaN;Amir Shields
52;71294;NaN;NaN;Analia Weaver
58;98662;NaN;NaN;Tucker Liu
55;77244;NaN;NaN;Kate Best
55;29025;NaN;NaN;Harlem Terry
23;28263;NaN;NaN;Wren Rojas
27;27298;NaN;NaN;Colin Snow
27;78637;NaN;NaN;Alexia Banks
37;20001;NaN;NaN;Martin Estrada
51;98238;NaN;NaN;Sawyer Castro
33;82576;NaN;NaN;Jasper Anderson
46;68500;NaN;NaN;Ella Jones
59;99624;NaN;NaN;William Marshall
60;55595;NaN;NaN;Adalyn Daniel
49;66704;NaN;NaN;Grady Gilmore
22;38600;NaN;NaN;Chanel Brady
22;64826;NaN;NaN;Reed Yu
20;90238;NaN;NaN;Navy Potter
37;22874;NaN;NaN;Lucca Maxwell
33;74354;NaN;NaN;Kyla Farmer
32;30659;NaN;NaN;Jamison Dodson
41;1839;NaN;NaN;Etta Hanna
55;81874;NaN;NaN;Aydin Hebert
41;81013;NaN;NaN;Kyleigh Gordon
27;24693;NaN;NaN;Karter Alvarez
37;83848;NaN;NaN;Leilani Powell
31;5653;NaN;NaN;Bennett Morales
20;63529;NaN;NaN;Skylar Esparza
50;11659;NaN;NaN;Carl Walker
18;55242;NaN;NaN;Hazel House
55;41102;NaN;NaN;Yehuda Daugherty
52;39938;NaN;NaN;Magdalena Gates
37;40669;NaN;NaN;Ermias Moran
31;80293;NaN;NaN;Celeste Morales
59;96838;NaN;NaN;Aaron Powell
20;24593;NaN;NaN;Vivian Stanley
29;37365;NaN;NaN;Manuel Lester
29;80676;NaN;NaN;Averi Roberts
37;98462;NaN;NaN;Josiah Carey
31;1199;NaN;NaN;Alora Sherman
43;74772;NaN;NaN;Adan Cordova
34;43658;NaN;NaN;Florence Munoz
51;69241;NaN;NaN;Justin Yoder
35;22946;NaN;NaN;Emerie Beard
47;30018;NaN;NaN;Nathanael Xiong
42;31058;NaN;NaN;Amayah Peck
37;38344;NaN;NaN;Yousef McClure
53;56308;NaN;NaN;Estella Burke
27;98231;NaN;NaN;Jax Ellis
39;15508;NaN;NaN;Ayla Strong
43;26331;NaN;NaN;Axl Correa
56;61182;NaN;NaN;Valery Horn
50;44603;NaN;NaN;Wilson Manning
43;53198;NaN;NaN;Jennifer Todd
30;73306;NaN;NaN;Baylor Quintero
21;78375;NaN;NaN;Keyla Gentry
56;32521;NaN;NaN;Magnus Hinton
24;90721;NaN;NaN;Jaelynn Dominguez
20;89124;NaN;NaN;Kaden Friedman
32;3895;NaN;NaN;Aspyn Carey
21;21117;NaN;NaN;Watson Mueller
25;94393;NaN;NaN;Imani Brewer
18;97600;NaN;NaN;Cruz Macdonald
29;72572;NaN;NaN;Rosalia Allison
53;88993;NaN;NaN;Dennis Greer
31;72064;NaN;NaN;Reina Wheeler
43;80822;NaN;NaN;Kenneth Duffy
43;75893;NaN;NaN;Addisyn Kerr
22;77296;NaN;NaN;Louie Buchanan
37;45953;NaN;NaN;Maryam Parker
38;72784;NaN;NaN;Caleb Harvey
43;32559;NaN;NaN;Nicole Benjamin
33;61008;NaN;NaN;Kyro Kane
41;32523;NaN;NaN;Ellianna Wong
52;69553;NaN;NaN;Walter Marin
41;39855;NaN;NaN;Celia Delarosa
38;63943;NaN;NaN;Osiris Petersen
45;34312;NaN;NaN;Fernanda Huynh
21;63693;NaN;NaN;Layton Stanley
44;16793;NaN;NaN;Gracelyn Sanford
58;14780;NaN;NaN;Truett Lloyd
29;71347;NaN;NaN;Emely Hodge
60;14476;NaN;NaN;Reign Paul
22;10246;NaN;NaN;Daphne Whitney
44;19954;NaN;NaN;Jeffery Elliott
53;60949;NaN;NaN;Noelle Buck
27;14157;NaN;NaN;Jon Sullivan
60;85125;NaN;NaN;Melanie Schwartz
55;29779;NaN;NaN;Edwin Tran
34;39917;NaN;NaN;Kylie Medrano
27;87460;NaN;NaN;Arian Magana
27;59554;NaN;NaN;Amaris Duke
46;94332;NaN;NaN;Kalel Morrison
46;50062;NaN;NaN;Rebecca Petersen
19;67682;NaN;NaN;Samson Macdonald
25;86238;NaN;NaN;Rosalia Flynn
45;57596;NaN;NaN;Kannon Davis
39;50240;NaN;NaN;Mia Moses
22;60337;NaN;NaN;Niklaus McKinney
27;48578;NaN;NaN;Gwendolyn Dorsey
58;35329;NaN;NaN;Enoch Shepherd
53;2474;NaN;NaN;Katalina Gibson
26;94051;NaN;NaN;Tyler Morrison
28;73597;NaN;NaN;Rebecca Ball
34;10706;NaN;NaN;Shane Byrd
47;6727;NaN;NaN;Giselle Bell
60;63962;NaN;NaN;Emmett Carroll
18;34426;NaN;NaN;Zara Hawkins
45;32162;NaN;NaN;Victor Mayo
32;25754;NaN;NaN;Aarya Brennan
32;15615;NaN;NaN;Curtis Lim
23;53826;NaN;NaN;Giavanna Rogers
22;97903;NaN;NaN;Colton Hoover
59;40546;NaN;NaN;Virginia Miranda
25;94598;NaN;NaN;Rory Blankenship
41;43616;NaN;NaN;Rosalee Nixon
18;21558;NaN;NaN;Cory Quintero
24;77693;NaN;NaN;Keyla Hinton
52;46320;NaN;NaN;Frankie Hill
43;19501;NaN;NaN;Hannah Griffin
25;78756;NaN;NaN;Ayden Woodward
19;5415;NaN;NaN;Drew Dickerson
33;36360;NaN;NaN;Flynn Sandoval
22;34510;NaN;NaN;Elsie Pearson
20;21248;NaN;NaN;Gunner Beck
55;1905;NaN;NaN;Gia Torres
22;45112;NaN;NaN;Jayden Hodge
51;37636;NaN;NaN;Coraline Charles
19;2661;NaN;NaN;Conrad Lester
19;57984;NaN;NaN;Averi Cortez
45;99876;NaN;NaN;Zayn Mejia
37;37157;NaN;NaN;Saylor Dixon
52;48432;NaN;NaN;Camden Howard
50;48519;NaN;NaN;Sophie Cannon
25;52983;NaN;NaN;Archie Moon
38;34723;NaN;NaN;Naya McPherson
48;47968;NaN;NaN;Foster Bernard
29;214;NaN;NaN;Barbara Stevens
26;64654;NaN;NaN;Zachary Daniel
30;41759;NaN;NaN;Joy Black
25;7768;NaN;NaN;Matteo Faulkner
23;78485;NaN;NaN;Ansley Mayer
41;45775;NaN;NaN;Yahir Wilkinson
25;92403;NaN;NaN;Siena Hensley
32;87822;NaN;NaN;Layne Zamora
34;49860;NaN;NaN;Sierra Zimmerman
21;23195;NaN;NaN;Sergio O?Connor
20;50615;NaN;NaN;Charli Anderson
60;24627;NaN;NaN;Jacob Stevenson
55;12665;NaN;NaN;Regina Sanford
51;7391;NaN;NaN;Truett Schneider
51;59417;NaN;NaN;Delaney Moses
32;48533;NaN;NaN;Niklaus Nguyen
30;60796;NaN;NaN;Nova Guerra
58;57078;NaN;NaN;Leland Nolan
42;30888;NaN;NaN;Itzayana Becker
56;52483;NaN;NaN;Lawson Gutierrez
34;15345;NaN;NaN;Savannah Lin
44;76405;NaN;NaN;Conor Logan
47;12404;NaN;NaN;Kora Bradshaw
37;9540;NaN;NaN;Emory Odom
44;59619;NaN;NaN;Laylani Gilbert
54;68468;NaN;NaN;Tobias Beasley
47;88645;NaN;NaN;Jaylah Melton
54;807;NaN;NaN;Lennon Cardenas
31;76388;NaN;NaN;Raven Miller
28;61348;NaN;NaN;Benjamin McPherson
35;31231;NaN;NaN;Emmaline Le
43;53427;NaN;NaN;Damien Villanueva
24;36902;NaN;NaN;Monroe Kerr
47;80031;NaN;NaN;Louie Buck
25;24279;NaN;NaN;Livia Murray
20;70930;NaN;NaN;Ashton Dillon
53;45475;NaN;NaN;Laurel Clayton
56;46631;NaN;NaN;Boston Cain
53;45775;NaN;NaN;Kendra Burton
28;91340;NaN;NaN;Zander Beasley
50;85473;NaN;NaN;Jaylah Bates
37;92719;NaN;NaN;Ellis Garner
47;49419;NaN;NaN;Jacqueline Shaw
28;59782;NaN;NaN;Elliot Mercado
55;60569;NaN;NaN;Mckinley Barrett
45;69776;NaN;NaN;Angelo Koch
37;88514;NaN;NaN;Milana Bates
57;66858;NaN;NaN;Ellis Preston
42;35025;NaN;NaN;Indie Phelps
38;34397;NaN;NaN;Hamza Fry
36;51002;NaN;NaN;Clarissa Kent
50;86919;NaN;NaN;Mekhi McKay
47;28073;NaN;NaN;Leanna Wiley
35;32921;NaN;NaN;Mathew Lim
24;7560;NaN;NaN;Giavanna Dawson
50;97760;NaN;NaN;Iker Parks
60;53138;NaN;NaN;Ainsley Bowen
58;57618;NaN;NaN;Trevor Cunningham
37;6226;NaN;NaN;Marley Hale
32;64536;NaN;NaN;Ezequiel Hawkins
26;87277;NaN;NaN;Ariel Marquez
30;36104;NaN;NaN;Malakai Cano
36;38824;NaN;NaN;Egypt Strickland
46;71716;NaN;NaN;Keegan Barber
19;98450;NaN;NaN;Cassidy McBride
39;62417;NaN;NaN;Denver Evans
43;93572;NaN;NaN;Eliana Dudley
29;96169;NaN;NaN;Colter Ross
24;8485;NaN;NaN;Peyton Huffman
34;21153;NaN;NaN;Chris Hubbard
25;21123;NaN;NaN;Rosie Russo
42;51714;NaN;NaN;Jamie Russo
38;55347;NaN;NaN;Tinsley Hicks
45;62708;NaN;NaN;Maddox Massey
NaN;2576;NaN;alice.johnson@example.com;Alice Johnson
NaN;8902;NaN;bob.smith@example.com;Bob Smith
NaN;4319;NaN;clara.davis@example.com;Clara Davis
NaN;7652;NaN;david.white@example.com;David White
NaN;1987;NaN;emma.harris@example.com;Emma Harris
NaN;5236;NaN;frank.brown@example.com;Frank Brown
NaN;6743;NaN;grace.miller@example.com;Grace Miller
NaN;9812;NaN;henry.wilson@example.com;Henry Wilson
NaN;3415;NaN;isabella.lee@example.com;Isabella Lee
NaN;5768;NaN;jack.turner@example.com;Jack Turner
NaN;1247;NaN;karen.moore@example.com;Karen Moore
NaN;8934;NaN;liam.hall@example.com;Liam Hall
NaN;6321;NaN;megan.clark@example.com;Megan Clark
NaN;4501;NaN;nathan.adams@example.com;Nathan Adams
NaN;3178;NaN;olivia.hill@example.com;Olivia Hill
NaN;7956;NaN;peter.allen@example.com;Peter Allen
NaN;2087;NaN;quinn.turner@example.com;Quinn Turner
NaN;6092;NaN;rachel.bell@example.com;Rachel Bell
NaN;8576;NaN;sam.taylor@example.com;Sam Taylor
NaN;1485;NaN;taylor.scott@example.com;Taylor Scott
NaN;7543;NaN;victor.lewis@example.com;Victor Lewis
NaN;3629;NaN;sophia.turner@example.com;Sophia Turner
NaN;5231;NaN;benjamin.davis@example.com;Benjamin Davis
NaN;9162;NaN;ava.smith@example.com;Ava Smith
NaN;1754;NaN;matthew.johnson@example.com;Matthew Johnson
NaN;6231;NaN;emily.harris@example.com;Emily Harris
NaN;4316;NaN;james.wilson@example.com;James Wilson
NaN;7985;NaN;olivia.brown@example.com;Olivia Brown
NaN;2176;NaN;lucas.moore@example.com;Lucas Moore
NaN;8912;NaN;sophia.adams@example.com;Sophia Adams
NaN;5692;NaN;daniel.taylor@example.com;Daniel Taylor
NaN;3294;NaN;emma.white@example.com;Emma White
NaN;7456;NaN;logan.clark@example.com;Logan Clark
NaN;4169;NaN;mia.hill@example.com;Mia Hill
NaN;6832;NaN;ethan.scott@example.com;Ethan Scott
NaN;9021;NaN;aria.hall@example.com;Aria Hall
NaN;3145;NaN;jackson.bell@example.com;Jackson Bell
NaN;6589;NaN;ava.lewis@example.com;Ava Lewis
NaN;1423;NaN;liam.turner@example.com;Liam Turner
NaN;5967;NaN;olivia.turner@example.com;Olivia Turner
NaN;2819;NaN;lucas.allen@example.com;Lucas Allen
NaN;4398;NaN;sophia.harris@example.com;Sophia Harris
NaN;6702;NaN;benjamin.moore@example.com;Benjamin Moore
NaN;8102;NaN;emily.davis@example.com;Emily Davis
NaN;1956;NaN;daniel.smith@example.com;Daniel Smith
NaN;8473;NaN;emma.wilson@example.com;Emma Wilson
NaN;5012;NaN;aria.clark@example.com;Aria Clark
NaN;6327;NaN;jackson.white@example.com;Jackson White
NaN;3489;NaN;mia.adams@example.com;Mia Adams
NaN;9087;NaN;ethan.brown@example.com;Ethan Brown
NaN;4758;NaN;ava.hall@example.com;Ava Hall
NaN;7632;NaN;logan.taylor@example.com;Logan Taylor
NaN;2145;NaN;grace.turner@example.com;Grace Turner
NaN;6890;NaN;henry.lewis@example.com;Henry Lewis
NaN;3174;NaN;isabella.moore@example.com;Isabella Moore
NaN;5912;NaN;jack.harris@example.com;Jack Harris
NaN;8365;NaN;karen.turner@example.com;Karen Turner
NaN;1497;NaN;liam.davis@example.com;Liam Davis
NaN;4926;NaN;megan.wilson@example.com;Megan Wilson
NaN;7518;NaN;nathan.clark@example.com;Nathan Clark
NaN;3621;NaN;olivia.smith@example.com;Olivia Smith
NaN;9054;NaN;peter.adams@example.com;Peter Adams
NaN;2389;NaN;quinn.white@example.com;Quinn White
NaN;6745;NaN;rachel.brown@example.com;Rachel Brown
NaN;4502;NaN;samuel.turner@example.com;Samuel Turner
NaN;8172;NaN;taylor.hall@example.com;Taylor Hall
NaN;5892;NaN;victor.moore@example.com;Victor Moore
NaN;1234;NaN;sophia.allen@example.com;Sophia Allen
NaN;7890;NaN;benjamin.taylor@example.com;Benjamin Taylor
NaN;5401;NaN;ava.davis@example.com;Ava Davis
NaN;6821;NaN;matthew.smith@example.com;Matthew Smith
NaN;4965;NaN;emily.turner@example.com;Emily Turner
NaN;3176;NaN;james.moore@example.com;James Moore
NaN;9582;NaN;olivia.hall@example.com;Olivia Hall
NaN;2649;NaN;lucas.clark@example.com;Lucas Clark
NaN;5087;NaN;sophia.harris@example.com;Sophia Harris
NaN;7102;NaN;daniel.turner@example.com;Daniel Turner
NaN;3297;NaN;emma.brown@example.com;Emma Brown
NaN;6152;NaN;ethan.adams@example.com;Ethan Adams
NaN;8743;NaN;aria.wilson@example.com;Aria Wilson
